Oliviero Poulsen,5367 Vera Road,6541528902
Kele Blackford,94384 Northport Hill,9176328369
Courtney Mattes,18 Pond Road,4421577975
Monti Finlry,10 Tomscot Drive,2125821286
Cissiee Peto,37 Weeping Birch Plaza,5002024002
Junina Possa,9971 Paget Point,3433111490
Georgeta Rodolfi,56071 Mallory Way,3154028762
Shandie Conlon,0721 Division Crossing,4475685721
Benedick Dunnan,06303 Ramsey Plaza,6165286014
Vivianna Ellul,10 Raven Terrace,8937793295
Alisun Della,68 Bluejay Court,3235130902
Lucie Haberfield,43 Center Trail,6253131158
Erika Oluwatoyin,8 Barnett Court,3768662105
Gabby McDugal,7140 Eliot Lane,6045462694
Laural Gason,236 Milwaukee Lane,1103537337
Lilia Spencley,51 Mandrake Hill,2424932215
Loreen Tiptaft,76238 Mcbride Lane,7054961610
Mario Filchakov,15104 Green Alley,8753444336
Cicely Korb,7405 Manitowish Parkway,1648356709
Eugen Featley,41467 Mariners Cove Alley,8243067301
Rebekah Lorence,83 Arrowood Terrace,5698453874
Tiebout Gramer,5166 South Crossing,9174064895
Ronnica Bugby,38 Sloan Crossing,9487972998
Ansell Pabelik,0779 Sunbrook Center,9125970058
Sibby Sheahan,727 Anthes Road,8923383285
Hugo Gomme,141 Oakridge Junction,4947539369
Noble Skarin,62001 Schlimgen Lane,5906400153
Rhodie Southorn,63 Eliot Pass,4812961996
Erma Swigger,7 Lakewood Terrace,9304251882
Hayes Malin,33 2nd Street,5601802870
Jenna Yusupov,93 Memorial Court,8642718793
Codi Draper,772 Del Mar Avenue,6305901145
Innis Peal,231 Hooker Lane,2254102835
Sabra Leipelt,7262 Kropf Pass,5298820138
Arne Burgane,097 Susan Drive,6428195836
Finlay Danett,99386 Sommers Pass,3635739711
Millie Anan,84152 Cambridge Terrace,9169629013
Zsazsa Lowless,43914 Columbus Way,9442425841
Glen Swinburn,76 Morning Crossing,2074626012
Ruttger Geraud,4086 Hagan Court,9531879713
Marcia Husselbee,79034 Everett Pass,6761153739
Gram Padula,40 Superior Avenue,3117171624
Jerri Geri,87 Stephen Drive,8911458409
Jeane Lawleff,6 Darwin Parkway,8146149783
Seward Gaisford,5 Mcbride Street,6099108514
Joannes Jeffcoat,8 Jackson Lane,5653432671
Idette Totterdill,4570 Dahle Street,1366345505
Ebony Climson,510 Village Green Crossing,9042670942
Shirley Leach,2359 Lakewood Center,2859232157
Dulci Brien,0 Moose Park,3198701749
