Zebulen McGaugan,1 Aberg Trail,6735161191,D2buLuU
Mariel Mettricke,00 Oakridge Alley,4354430949,PH9Uwb1
Alexis Astell,87760 Portage Court,7483687538,Inu7K7ijO17
Cecilla Waszczykowski,4089 Scofield Street,5418846778,KytZ2RTll
Rick I'anson,33 High Crossing Pass,6585959722,ccZ77k
Nisse Reddish,027 Iowa Trail,4296649130,MQOOHp
Derrick Bowkett,710 Morningstar Park,3279531899,5SpSFUvPOnl
Olvan Carlucci,1109 Carberry Pass,3009699102,aixgCrgCDl
Thorpe Wilshere,986 Schurz Drive,4062689969,4m0mYG2
Genvieve Camolli,79985 Moulton Terrace,5924090017,BxrjuPs
Sabrina Durno,056 Vernon Park,3307707934,TkoB94GeCW
Laraine Bottini,01147 Starling Street,4291405999,H3X2jQ
Jaime Barratt,4 Schurz Alley,8092573502,BlWyvLzJ
Cathrine Empleton,25209 Del Mar Lane,3062912890,IKlfVh8AV
Edythe Daly,6981 Glacier Hill Center,4633353784,dE3QjEqmE6v
Clemens Caban,5536 Kingsford Lane,1054132326,OsB7j7v3oH3u
June Buret,3107 Esker Park,2818440614,XRq3dEbxQ
Dodi Tilbury,1422 Buena Vista Alley,1064213530,qPno4VETfPC
Lion Coast,3344 Surrey Point,5538793568,tHAJExs5
Leona Locarno,33171 Sycamore Way,4712371611,8gnCSxpH8c6Z
Audry Haggerty,5830 Everett Way,8897374482,s45FagoeSb
Ros Ingerman,72 Lakewood Alley,1004958353,t5VL0v5t4T
Rosabelle Hamper,341 Laurel Plaza,1955289892,oUvJI5Fhb
Aurora Brayley,66 Oneill Center,8405446809,hKDdt7A
Marlin Aymerich,2 Moose Trail,8322836433,u3jw7XjhFawU
Thorpe Mac Geaney,15 Roth Junction,3208463483,ZxD57zccAZbk
Annissa Gaber,6 Florence Pass,6664749451,gOaWkK5GpX
Doralynn MacKeogh,8 Stuart Park,6465606109,9HvGSBYUoHL
Fran Troop,158 Farwell Plaza,1541852228,E3WzAZtG
Carry Scobbie,1 Bashford Road,5993457484,aeCE51LrVb
Pascale Philo,9860 Vera Lane,3587142859,JPMuPylhq
Rosabella Baudone,12 Rusk Place,1461691303,9k1a7jA5x
Cordelie Cardenas,9 Heffernan Hill,9968426198,M4ifXUNHvAmr
Sara-ann Dehm,371 Loftsgordon Parkway,5806396588,8AtJzVQcxh
Wilhelmina Scanes,302 Prentice Point,1221370554,2ficcK3jG
Alisun Carpenter,10 Mosinee Street,2504995266,a5EDK90Ao
Eda Jessard,98879 Esch Way,5188480589,SpKFpvImj
Thacher McCarl,219 Helena Drive,8664479843,BmQZkk
Susie Pargeter,409 Service Parkway,5129404150,XDqOK7nXAdgj
Dennie Pengilley,30 Karstens Road,6444385617,JJJDF6u
Averill De Francesco,86787 Eliot Alley,1492814187,u3itxQ
Lora Maulkin,79136 Eastlawn Terrace,4714360285,m5msGwMnXObt
Katuscha Chestney,79 Katie Street,4622646722,LxUQmhpRU
Neill Boosey,416 Jay Point,1466023420,ihrY9gqAV
Edvard Langan,057 Rusk Place,9064955910,YTZjoG4uyHmN
Calvin Di Lucia,04805 Union Avenue,6504852544,2CrkoGvAo
Flossie Douglas,387 Larry Street,6523468709,kYc77jTEmDbU
Norina Mancell,792 Packers Trail,9855654721,cq45xYXNDQ
Fayette Trewett,7450 Lighthouse Bay Place,6975614991,nOX51Zc9QHNU
Merrill Branscomb,24314 Anzinger Circle,3366859571,dEWOtHiR
